main,sub
建筑行业,门楼
餐饮服务,中餐馆
餐饮服务,火锅店
餐饮服务,烧烤店
餐饮服务,奶茶店
餐饮服务,咖啡店
餐饮服务,烘焙店
餐饮服务,快餐店
酒店民宿,商务酒店
酒店民宿,度假酒店
酒店民宿,精品民宿
酒店民宿,城市民宿
酒店民宿,客栈
美业健康,美容院
美业健康,美甲店
美业健康,美发店
美业健康,轻医美机构
美业健康,皮肤管理
美业健康,养生馆
美业健康,理疗馆
教育培训,职业教育
教育培训,语言培训
教育培训,考研培训
教育培训,艺术培训
教育培训,少儿素质教育
教育培训,成人技能培训
汽车服务,二手车门店
汽车服务,新车经销
汽车服务,汽车美容
汽车服务,汽车维修
汽车服务,汽车改装
汽车服务,汽车租赁
家居装修,装修公司
家居装修,全屋定制
家居装修,家居建材
家居装修,家电门店
家居装修,智能家居
家居装修,软装设计
本地零售,生鲜门店
本地零售,社区超市
本地零售,母婴门店
本地零售,宠物门店
本地零售,烟酒店
本地零售,药店
生活服务,家政服务
生活服务,搬家服务
生活服务,洗衣洗护
生活服务,开锁服务
生活服务,管道维修
生活服务,家电清洗
医疗健康,口腔门诊
医疗健康,眼科门诊
医疗健康,体检中心
医疗健康,康复中心
医疗健康,中医诊所
医疗健康,心理咨询
企业服务,财税服务
企业服务,法律服务
企业服务,人力资源
企业服务,软件服务
企业服务,知识产权
企业服务,咨询服务
文旅休闲,景区乐园
文旅休闲,旅行社
文旅休闲,露营基地
文旅休闲,健身房
文旅休闲,瑜伽馆
文旅休闲,影城剧场
电商出海,跨境电商
电商出海,外贸工厂
电商出海,独立站运营
电商出海,海外仓服务
电商出海,国际物流
